{"cameraMode":{"drawMode":0,"name":"Shaded","section":"Shading Mode"},"sceneLighting":true,"audioPlay":false,"sceneViewState":{"showFog":true,"showMaterialUpdate":false,"showSkybox":true,"showFlares":true,"showImageEffects":true,"showParticleSystems":true},"in2DMode":false,"pivot":{"x":3.039388656616211,"y":3.7295475006103517,"z":11.374237060546875},"rotation":{"x":0.27720341086387637,"y":-0.08431615680456162,"z":0.02443058043718338,"w":0.9567952156066895},"size":22.506061553955079,"orthographic":false}